{
    "loss": 5.405484199523926,
    "accuracy": 0.4313725531101227
}