{
    "loss": 0.013936413452029228,
    "accuracy": 0.9901960492134094
}